id,idk_ratio,idk_count,valid_ratio,valid_count,non_match_count,match_ratio,response_count,match_count,anagram_x,correct,valid,response1,response2,response3,response4,response5,response6,response7,response8,response9
1,0.0,0,1.0,4,0,1.0,4,4,veah,have,['have'],have,have,have,have,,,,,
10,0.0,0,1.0,4,0,1.0,4,4,elik,like,['like'],like,like,like,like,,,,,
100,0.0,0,1.0,4,0,1.0,4,4,ongl,long,['long'],long,long,long,long,,,,,
101,0.42857142857142855,3,0.5714285714285714,4,3,0.5714285714285714,7,4,trwea,water,['water'],idk,water,water,idk,idk,water,water,,
102,0.42857142857142855,3,0.5714285714285714,4,3,0.5714285714285714,7,4,reessi,series,['series'],idk,series,series,idk,idk,series,series,,
103,0.0,0,1.0,8,0,1.0,8,8,meoh,home,['home'],home,home,home,home,home,home,home,home,
104,0.2,1,0.8,4,1,0.8,5,4,hwtei,white,"['withe', 'white']",idk,white,white,white,white,,,,
105,0.2,1,0.8,4,1,0.8,5,4,fuurte,future,['future'],idk,future,future,future,future,,,,
106,0.0,0,1.0,7,0,1.0,7,7,oolk,look,['look'],look,look,look,look,look,look,look,,
107,0.0,0,1.0,6,0,1.0,6,6,msall,small,['small'],small,small,small,small,small,small,,,
108,0.2,1,0.8,4,1,0.8,5,4,terhie,either,['either'],idk,either,either,either,either,,,,
109,0.0,0,0.6666666666666666,4,3,0.5,6,3,sema,same,"['mesa', 'seam', 'same']",seam,mase,mase,same,same,same,,,
11,0.0,0,1.0,6,0,1.0,6,6,rfist,first,['first'],first,first,first,first,first,first,,,
110,0.25,1,0.75,3,2,0.5,4,2,bsdea,based,"['based', 'beads']",idk,based,based,beads,,,,,
111,0.4,2,0.6,3,2,0.6,5,3,cipelo,police,['police'],idk,police,police,idk,police,,,,
112,0.0,0,0.6,3,2,0.6,5,3,esdu,used,"['duse', 'used']",used,used,used,dues,dues,,,,
113,0.0,0,1.0,4,3,0.25,4,1,alter,later,"['alter', 'later', 'ratel', 'alert']",alter,alert,later,alter,,,,,
114,0.2857142857142857,2,0.7142857142857143,5,2,0.7142857142857143,7,5,ahterr,rather,['rather'],idk,rather,rather,rather,rather,rather,idk,,
115,0.0,0,0.8333333333333334,5,1,0.8333333333333334,6,5,ohtb,both,['both'],both,both,both,both,both,borh,,,
116,0.0,0,1.0,5,0,1.0,5,5,odrer,order,['order'],order,order,order,order,order,,,,
117,0.25,1,0.75,3,1,0.75,4,3,senora,reason,"['senora', 'reason']",idk,reason,reason,reason,,,,,
118,0.0,0,1.0,5,0,1.0,5,5,tpar,part,"['part', 'trap']",part,part,part,part,part,,,,
119,0.0,0,1.0,7,0,1.0,7,7,tyarp,party,['party'],party,party,party,party,party,party,party,,
12,0.0,0,0.875,7,1,0.875,8,7,awylsa,always,['always'],always,always,always,always,always,always,always,akways,
120,0.3333333333333333,2,0.6666666666666666,4,3,0.5,6,3,rtorpe,report,"['report', 'porter']",idk,porter,report,report,report,idk,,,
121,0.0,0,1.0,7,0,1.0,7,7,emoc,come,['come'],come,come,come,come,come,come,come,,
122,0.0,0,1.0,5,0,1.0,5,5,nthak,thank,['thank'],thank,thank,thank,thank,thank,,,,
123,0.2,1,0.8,4,1,0.8,5,4,vlinig,living,['living'],idk,living,living,living,living,,,,
124,0.0,0,1.0,5,0,1.0,5,5,ndif,find,['find'],find,find,find,find,find,,,,
125,0.0,0,1.0,5,0,1.0,5,5,lkcab,black,['black'],black,black,black,black,black,,,,
126,0.2,1,0.4,2,3,0.4,5,2,ebhdin,behind,['behind'],idk,behind,behind,behiind,beihnd,,,,
127,0.0,0,1.0,6,0,1.0,6,6,hihg,high,['high'],high,high,high,high,high,high,,,
128,0.0,0,1.0,7,0,1.0,7,7,wohel,whole,['whole'],whole,whole,whole,whole,whole,whole,whole,,
129,0.2857142857142857,2,0.7142857142857143,5,2,0.7142857142857143,7,5,mekatr,market,['market'],idk,market,market,idk,market,market,market,,
13,0.0,0,1.0,8,0,1.0,8,8,orem,more,"['more', 'rome']",more,more,more,more,more,more,more,more,
130,0.0,0,0.8571428571428571,6,1,0.8571428571428571,7,6,ehpl,help,['help'],help,help,help,phel,help,help,help,,
131,0.16666666666666666,1,0.8333333333333334,5,1,0.8333333333333334,6,5,rtsoy,story,['story'],idk,story,story,story,story,story,,,
132,0.0,0,0.8333333333333334,5,2,0.6666666666666666,6,4,fromer,former,"['former', 'reform']",former,reform,morfer,former,former,former,,,
133,0.0,0,0.3333333333333333,2,4,0.3333333333333333,6,2,emga,game,['game'],mega,game,mega,game,mega,mage,,,
134,0.0,0,1.0,6,3,0.5,6,3,eatsl,least,"['least', 'stael', 'steal', 'stale', 'tesla', 'lates', 'slate']",stale,least,least,steal,least,steal,,,
135,0.2,1,0.6,3,4,0.2,5,1,etestr,street,"['setter', 'street', 'tester']",idk,tester,street,tester,stret,,,,
136,0.0,0,1.0,6,0,1.0,6,6,gvei,give,['give'],give,give,give,give,give,give,,,
137,0.0,0,0.6,3,2,0.6,5,3,asemn,means,"['manse', 'means', 'manes', 'mensa']",means,names,names,means,means,,,,
138,0.42857142857142855,3,0.14285714285714285,1,6,0.14285714285714285,7,1,ldonno,london,['london'],idk,donion,onion,idk,london,onion,idk,,
139,0.0,0,1.0,5,0,1.0,5,5,xtne,next,['next'],next,next,next,next,next,,,,
14,0.2,1,0.8,4,1,0.8,5,4,afret,after,['after'],idk,after,after,after,after,,,,
140,0.14285714285714285,1,0.8571428571428571,6,2,0.7142857142857143,7,5,ayrle,early,"['early', 'leary', 'relay', 'layer']",early,early,early,idk,layer,early,early,,
141,0.0,0,1.0,6,0,1.0,6,6,cnaehc,chance,['chance'],chance,chance,chance,chance,chance,chance,,,
142,0.2,1,0.8,4,2,0.6,5,3,ehac,each,"['each', 'ache']",each,each,idk,each,ache,,,,
143,0.0,0,1.0,7,0,1.0,7,7,clloa,local,['local'],local,local,local,local,local,local,local,,
144,0.2857142857142857,2,0.7142857142857143,5,2,0.7142857142857143,7,5,feraht,father,['father'],idk,father,father,idk,father,father,father,,
145,0.0,0,1.0,4,0,1.0,4,4,msut,must,"['must', 'smut', 'tums']",must,must,must,must,,,,,
146,0.0,0,1.0,5,0,1.0,5,5,noyug,young,['young'],young,young,young,young,young,,,,
147,0.2,1,0.8,4,1,0.8,5,4,aosrcs,across,['across'],idk,across,across,across,across,,,,
148,0.0,0,1.0,4,0,1.0,4,4,hswo,show,['show'],show,show,show,show,,,,,
149,0.2,1,0.8,4,1,0.8,5,4,edvoi,video,['video'],idk,video,video,video,video,,,,
15,0.25,1,0.75,3,1,0.75,4,3,lettil,little,['little'],idk,little,little,little,,,,,
150,0.2857142857142857,2,0.7142857142857143,5,2,0.7142857142857143,7,5,noitca,action,"['atonic', 'action', 'cation']",idk,action,action,idk,action,action,action,,
151,0.25,2,0.75,6,6,0.25,8,2,resu,sure,"['sure', 'suer', 'ruse', 'user']",idk,user,idk,user,user,user,sure,sure,
152,0.4,2,0.6,3,2,0.6,5,3,nevgi,given,['given'],idk,idk,given,given,given,,,,
153,0.5,3,0.5,3,3,0.5,6,3,toherm,mother,['mother'],idk,mother,idk,idk,mother,mother,,,
154,0.0,0,1.0,6,0,1.0,6,6,efel,feel,"['feel', 'flee']",feel,feel,feel,feel,feel,feel,,,
155,0.14285714285714285,1,0.8571428571428571,6,1,0.8571428571428571,7,6,lleve,level,['level'],idk,level,level,level,level,level,level,,
156,0.0,0,1.0,6,0,1.0,6,6,mnomet,moment,['moment'],moment,moment,moment,moment,moment,moment,,,
157,0.0,0,1.0,6,4,0.3333333333333333,6,2,aemt,team,"['tame', 'meat', 'team', 'mate']",meat,tame,meat,meat,team,team,,,
158,0.5,3,0.3333333333333333,2,4,0.3333333333333333,6,2,toenf,often,['often'],idk,fonte,idk,idk,often,often,,,
159,0.3333333333333333,2,0.6666666666666666,4,2,0.6666666666666666,6,4,lapeyd,played,['played'],played,played,idk,idk,played,played,,,
16,0.0,0,1.0,6,1,0.8333333333333334,6,5,mite,time,"['mite', 'emit', 'item', 'time']",time,time,mite,time,time,time,,,
160,0.0,0,0.875,7,4,0.5,8,4,erve,ever,"['ever', 'veer']",ever,veer,reve,veer,ever,ever,ever,veer,
161,0.16666666666666666,1,0.6666666666666666,4,2,0.6666666666666666,6,4,ouctr,court,['court'],court,idk,court,court,court,rout,,,
162,0.4,2,0.0,0,5,0.0,5,0,greeny,energy,['energy'],idk,greeny,idk,regeny,greeny,,,,
163,0.0,0,1.0,6,5,0.16666666666666666,6,1,epke,keep,"['peek', 'keep']",peek,peek,peek,keep,peek,peek,,,
164,0.0,0,1.0,7,6,0.14285714285714285,7,1,tshou,south,"['south', 'shout']",shout,south,shout,shout,shout,shout,shout,,
165,0.0,0,1.0,6,0,1.0,6,6,urmmes,summer,['summer'],summer,summer,summer,summer,summer,summer,,,
166,0.0,0,1.0,8,1,0.875,8,7,efre,free,"['reef', 'free']",free,free,free,free,free,reef,free,free,
167,0.14285714285714285,1,0.7142857142857143,5,2,0.7142857142857143,7,5,htead,death,['death'],idk,death,hated,death,death,death,death,,
168,0.125,1,0.875,7,1,0.875,8,7,stgron,strong,['strong'],idk,strong,strong,strong,strong,strong,strong,strong,
169,0.0,0,1.0,6,0,1.0,6,6,aawy,away,['away'],away,away,away,away,away,away,,,
17,0.0,0,1.0,4,0,1.0,4,4,nihkt,think,['think'],think,think,think,think,,,,,
170,0.6,3,0.4,2,3,0.4,5,2,oshru,hours,"['horus', 'hours']",idk,idk,idk,hours,hours,,,,
171,0.2857142857142857,2,0.7142857142857143,5,2,0.7142857142857143,7,5,deorrc,record,['record'],idk,record,idk,record,record,record,record,,
172,0.0,0,1.0,5,1,0.8,5,4,eftl,left,"['left', 'felt']",felt,left,left,left,left,,,,
173,0.0,0,0.2,1,4,0.2,5,1,geral,large,"['lager', 'glare', 'elgar', 'alger', 'large']",regal,regal,regal,regal,large,,,,
174,0.6666666666666666,4,0.3333333333333333,2,4,0.3333333333333333,6,2,driope,period,['period'],idk,idk,idk,idk,period,period,,,
175,0.0,0,1.0,5,0,1.0,5,5,ypla,play,['play'],play,play,play,play,play,,,,
176,0.0,0,0.5714285714285714,4,3,0.5714285714285714,7,4,orwng,wrong,['wrong'],wrong,wrong,wrong,grown,wrong,grown,grown,,
177,0.0,0,1.0,7,0,1.0,7,7,ocmmon,common,['common'],common,common,common,common,common,common,common,,
178,0.0,0,1.0,5,4,0.2,5,1,amen,name,"['amen', 'mean', 'name', 'mane']",mean,name,amen,mane,amen,,,,
179,0.0,0,1.0,8,0,1.0,8,8,konnw,known,['known'],known,known,known,known,known,known,known,known,
18,0.0,0,0.75,3,1,0.75,4,3,igsthn,things,['things'],things,nights,things,things,,,,,
180,0.5,3,0.5,3,3,0.5,6,3,iylkle,likely,['likely'],idk,idk,idk,likely,likely,likely,,,
181,0.0,0,1.0,6,0,1.0,6,6,yict,city,['city'],city,city,city,city,city,city,,,
182,0.16666666666666666,1,0.8333333333333334,5,1,0.8333333333333334,6,5,lnoag,along,"['along', 'logan']",idk,along,along,along,along,along,,,
183,0.25,2,0.625,5,4,0.5,8,4,netrec,center,"['tenrec', 'center', 'recent']",idk,recten,center,idk,center,center,center,recent,
184,0.0,0,1.0,5,0,1.0,5,5,ydsa,days,['days'],days,days,days,days,days,,,,
185,0.2,1,0.8,4,1,0.8,5,4,slcoe,close,"['close', 'socle']",close,idk,close,close,close,,,,
186,0.42857142857142855,3,0.5714285714285714,4,3,0.5714285714285714,7,4,sidien,inside,['inside'],idk,idk,idk,inside,inside,inside,inside,,
187,0.0,0,1.0,5,1,0.8,5,4,aerl,real,"['lear', 'earl', 'real']",real,real,real,real,lear,,,,
188,0.0,0,1.0,7,0,1.0,7,7,sclas,class,['class'],class,class,class,class,class,class,class,,
189,0.6,3,0.4,2,3,0.4,5,2,rnertu,return,"['return', 'turner']",idk,idk,idk,return,return,,,,
19,0.0,0,1.0,4,0,1.0,4,4,mseo,some,['some'],some,some,some,some,,,,,
190,0.0,0,1.0,5,1,0.8,5,4,enod,done,"['done', 'node']",done,done,done,done,node,,,,
191,0.0,0,1.0,7,0,1.0,7,7,hyapp,happy,['happy'],happy,happy,happy,happy,happy,happy,happy,,
192,0.42857142857142855,3,0.5714285714285714,4,3,0.5714285714285714,7,4,ecpluo,couple,['couple'],idk,idk,idk,couple,couple,couple,couple,,
193,0.0,0,1.0,7,5,0.2857142857142857,7,2,eacr,care,"['acer', 'care', 'race', 'acre']",care,race,care,race,race,acre,race,,
194,0.0,0,1.0,7,0,1.0,7,7,hmanu,human,"['nahum', 'human']",human,human,human,human,human,human,human,,
195,0.3333333333333333,2,0.5,3,3,0.5,6,3,nuoyct,county,['county'],idk,county,idk,county,country,county,,,
196,0.0,0,1.0,6,0,1.0,6,6,eekw,week,['week'],week,week,week,week,week,week,,,
197,0.14285714285714285,1,0.8571428571428571,6,2,0.7142857142857143,7,5,eacus,cause,"['cause', 'sauce']",idk,cause,cause,cause,cause,cause,sauce,,
198,0.3333333333333333,2,0.6666666666666666,4,4,0.3333333333333333,6,2,rapley,player,"['player', 'pearly', 'replay', 'parley']",idk,player,idk,parley,player,replay,,,
199,0.3333333333333333,2,0.5,3,3,0.5,6,3,ceas,case,['case'],idk,idk,case,case,aces,case,,,
2,0.0,0,1.0,7,0,1.0,7,7,utabo,about,['about'],about,about,about,about,about,about,about,,
20,0.0,0,1.0,5,1,0.8,5,4,htrig,right,"['girth', 'right']",right,right,right,girth,right,,,,
200,0.3333333333333333,2,0.6666666666666666,4,2,0.6666666666666666,6,4,mnoaw,woman,['woman'],idk,idk,woman,woman,woman,woman,,,
201,0.0,0,1.0,5,0,1.0,5,5,happne,happen,['happen'],happen,happen,happen,happen,happen,,,,
202,0.0,0,1.0,8,3,0.625,8,5,viel,live,"['evil', 'veil', 'live']",live,live,live,evil,veil,veil,live,live,
203,0.1111111111111111,1,0.8888888888888888,8,3,0.6666666666666666,9,6,rtohn,north,"['north', 'thorn']",idk,north,north,thorn,north,north,north,north,thorn
204,0.3333333333333333,2,0.6666666666666666,4,2,0.6666666666666666,6,4,dimdle,middle,['middle'],idk,middle,middle,idk,middle,middle,,,
205,0.0,0,1.0,5,0,1.0,5,5,lful,full,['full'],full,full,full,full,full,,,,
206,0.0,0,1.0,7,0,1.0,7,7,ctahw,watch,['watch'],watch,watch,watch,watch,watch,watch,watch,,
207,0.42857142857142855,3,0.5714285714285714,4,3,0.5714285714285714,7,4,hrhieg,higher,['higher'],idk,idk,idk,higher,higher,higher,higher,,
208,0.0,0,1.0,5,4,0.2,5,1,daer,read,"['read', 'dare', 'dear']",dear,dear,dear,read,dear,,,,
209,0.0,0,0.8,4,1,0.8,5,4,aelve,leave,['leave'],leave,leave,valve,leave,leave,,,,
21,0.5,3,0.5,3,3,0.5,6,3,ocsloh,school,['school'],idk,school,idk,idk,school,school,,,
210,0.6,3,0.2,1,4,0.2,5,1,edened,needed,['needed'],idk,idk,idk,deened,needed,,,,
211,0.2,1,0.8,4,1,0.8,5,4,rdha,hard,['hard'],idk,hard,hard,hard,hard,,,,
212,0.6,3,0.4,2,3,0.4,5,2,kntae,taken,['taken'],idk,idk,idk,taken,taken,,,,
213,0.5,3,0.5,3,5,0.16666666666666666,6,1,lrteus,result,"['rustle', 'ulster', 'luster', 'sutler', 'result']",idk,idk,idk,luster,result,rustle,,,
214,0.0,0,1.0,6,2,0.6666666666666666,6,4,enma,mean,"['amen', 'mane', 'mean', 'name']",name,mean,mean,mane,mean,mean,,,
215,0.42857142857142855,3,0.5714285714285714,4,3,0.5714285714285714,7,4,thilg,light,['light'],idk,light,idk,idk,light,light,light,,
216,0.14285714285714285,1,0.8571428571428571,6,1,0.8571428571428571,7,6,erbmem,member,['member'],idk,member,member,member,member,member,member,,
217,0.0,0,1.0,6,0,1.0,6,6,rfou,four,['four'],four,four,four,four,four,four,,,
218,0.5,3,0.3333333333333333,2,5,0.16666666666666666,6,1,othrs,short,"['horst', 'short']",idk,horst,idk,idk,short,roths,,,
219,0.4,2,0.6,3,5,0.0,5,0,igneds,design,"['signed', 'design']",idk,signed,idk,signed,signed,,,,
22,0.0,0,1.0,5,0,1.0,5,5,gdoo,good,['good'],good,good,good,good,good,,,,
220,0.2857142857142857,2,0.5714285714285714,4,7,0.0,7,0,coen,once,"['once', 'cone']",cone,idk,idk,econ,cone,cone,cone,,
221,0.3333333333333333,2,0.5,3,3,0.5,6,3,hitrd,third,['third'],idk,third,idk,tired,third,third,,,
222,0.125,1,0.875,7,1,0.875,8,7,ewrsna,answer,['answer'],answer,idk,answer,answer,answer,answer,answer,answer,
223,0.0,0,1.0,6,0,1.0,6,6,etll,tell,['tell'],tell,tell,tell,tell,tell,tell,,,
224,0.0,0,1.0,5,0,1.0,5,5,ceckh,check,['check'],check,check,check,check,check,,,,
225,0.375,3,0.625,5,3,0.625,8,5,lpicyo,policy,['policy'],idk,idk,idk,policy,policy,policy,policy,policy,
226,0.0,0,0.8333333333333334,5,6,0.0,6,0,tpos,stop,"['spot', 'stop', 'post']",post,spot,spot,post,post,tops,,,
227,0.3333333333333333,2,0.6666666666666666,4,2,0.6666666666666666,6,4,rteah,heart,"['herat', 'heart', 'harte', 'earth', 'hater']",idk,idk,heart,heart,heart,heart,,,
228,0.42857142857142855,3,0.5714285714285714,4,3,0.5714285714285714,7,4,orglne,longer,['longer'],idk,longer,idk,longer,longer,longer,idk,,
229,0.0,0,1.0,7,0,1.0,7,7,allc,call,['call'],call,call,call,call,call,call,call,,
23,0.16666666666666666,1,0.6666666666666666,4,6,0.0,6,0,egbni,being,"['being', 'begin']",begin,begin,idk,begin,binge,begin,,,
230,0.6,3,0.4,2,3,0.4,5,2,rmoja,major,['major'],idk,idk,idk,major,major,,,,
231,0.14285714285714285,1,0.8571428571428571,6,1,0.8571428571428571,7,6,crchuh,church,['church'],church,idk,church,church,church,church,church,,
232,0.0,0,1.0,7,0,1.0,7,7,adhe,head,['head'],head,head,head,head,head,head,head,,
233,0.2222222222222222,2,0.7777777777777778,7,2,0.7777777777777778,9,7,oenph,phone,['phone'],idk,phone,idk,phone,phone,phone,phone,phone,phone
234,0.0,0,1.0,5,0,1.0,5,5,giivgn,giving,['giving'],giving,giving,giving,giving,giving,,,,
235,0.0,0,0.625,5,3,0.625,8,5,sdei,side,"['side', 'ides']",side,dies,dies,side,side,dies,side,side,
236,0.125,1,0.875,7,1,0.875,8,7,ihcdl,child,['child'],child,child,idk,child,child,child,child,child,
237,0.0,0,1.0,6,0,1.0,6,6,rgdoun,ground,['ground'],ground,ground,ground,ground,ground,ground,,,
238,0.0,0,1.0,7,0,1.0,7,7,ssel,less,['less'],less,less,less,less,less,less,less,,
239,0.0,0,1.0,6,5,0.16666666666666666,6,1,iueqt,quite,"['quiet', 'quite']",quiet,quiet,quite,quiet,quiet,quiet,,,
24,0.125,1,0.875,7,1,0.875,8,7,lpeaes,please,"['asleep', 'please', 'elapse']",please,please,please,please,idk,please,please,please,
240,0.2857142857142857,2,0.42857142857142855,3,6,0.14285714285714285,7,1,rsueoc,source,"['crouse', 'source', 'cerous', 'course']",idk,resource,idk,course,course,source,rescue,,
241,0.0,0,0.8571428571428571,6,1,0.8571428571428571,7,6,lnei,line,"['lien', 'nile', 'line']",line,neil,line,line,line,line,line,,
242,0.16666666666666666,1,0.8333333333333334,5,1,0.8333333333333334,6,5,krwos,works,['works'],works,works,works,idk,works,works,,,
243,0.4,2,0.6,3,2,0.6,5,3,wololf,follow,['follow'],idk,follow,idk,follow,follow,,,,
244,0.0,0,0.8571428571428571,6,1,0.8571428571428571,7,6,eopn,open,['open'],open,open,open,nope,open,open,open,,
245,0.0,0,0.5714285714285714,4,3,0.5714285714285714,7,4,ardey,ready,['ready'],ready,deary,yarde,ready,ready,ready,deary,,
246,0.4,2,0.2,1,4,0.2,5,1,oautnm,amount,['amount'],idk,idk,amount,automn,autumn,,,,
247,0.0,0,0.7142857142857143,5,2,0.7142857142857143,7,5,aaer,area,"['aare', 'area']",area,rear,rare,area,area,area,area,,
248,0.0,0,1.0,5,0,1.0,5,5,fntro,front,['front'],front,front,front,front,front,,,,
249,0.5,3,0.5,3,3,0.5,6,3,ueaelg,league,['league'],idk,league,idk,idk,league,league,,,
25,0.16666666666666666,1,0.6666666666666666,4,2,0.6666666666666666,6,4,lnoy,only,"['lyon', 'only']",only,idk,yoni,only,only,only,,,
250,0.0,0,1.0,8,1,0.875,8,7,inkd,kind,"['kind', 'dink']",kind,dink,kind,kind,kind,kind,kind,kind,
251,0.6,3,0.4,2,3,0.4,5,2,lnaif,final,['final'],idk,idk,idk,final,final,,,,
252,0.5,4,0.5,4,5,0.375,8,3,vwerie,review,"['viewer', 'review']",idk,idk,idk,idk,review,review,review,viewer,
253,0.0,0,1.0,7,0,1.0,7,7,evfi,five,['five'],five,five,five,five,five,five,five,,
254,0.14285714285714285,1,0.8571428571428571,6,1,0.8571428571428571,7,6,harde,heard,['heard'],idk,heard,heard,heard,heard,heard,heard,,
255,0.5,3,0.5,3,3,0.5,6,3,utagus,august,['august'],idk,idk,idk,august,august,august,,,
256,0.0,0,1.0,6,0,1.0,6,6,fcea,face,"['face', 'cafe']",face,face,face,face,face,face,,,
257,0.2,1,0.8,4,1,0.8,5,4,nbirg,bring,['bring'],idk,bring,bring,bring,bring,,,,
258,0.8,4,0.2,1,4,0.2,5,1,eriten,entire,['entire'],idk,idk,idk,idk,entire,,,,
259,0.0,0,1.0,6,0,1.0,6,6,hepo,hope,['hope'],hope,hope,hope,hope,hope,hope,,,
26,0.0,0,1.0,7,0,1.0,7,7,ingog,going,['going'],going,going,going,going,going,going,going,,
260,0.2,1,0.8,4,1,0.8,5,4,mrcah,march,"['march', 'charm']",march,march,idk,march,march,,,,
261,0.375,3,0.625,5,3,0.625,8,5,entudr,turned,['turned'],idk,idk,idk,turned,turned,turned,turned,turned,
262,0.0,0,0.8,4,1,0.8,5,4,snwe,news,['news'],news,news,news,sewn,news,,,,
263,0.42857142857142855,3,0.5714285714285714,4,3,0.5714285714285714,7,4,tdyus,study,"['dusty', 'study']",idk,idk,idk,study,study,study,study,,
264,0.6,3,0.4,2,3,0.4,5,2,hercnf,french,['french'],idk,idk,idk,french,french,,,,
265,0.0,0,1.0,5,3,0.4,5,2,bael,able,"['able', 'bale', 'abel', 'blae']",bale,bale,bale,able,able,,,,
266,0.4,2,0.6,3,3,0.4,5,2,crela,clear,"['clear', 'lacer']",idk,idk,clear,lacer,clear,,,,
267,0.42857142857142855,3,0.5714285714285714,4,3,0.5714285714285714,7,4,ckatat,attack,['attack'],idk,idk,idk,attack,attack,attack,attack,,
268,0.0,0,1.0,5,3,0.4,5,2,ospt,post,"['spot', 'stop', 'post']",post,stop,spot,post,spot,,,,
269,0.4,2,0.6,3,4,0.2,5,1,rodsw,words,"['words', 'sword']",idk,idk,sword,sword,words,,,,
27,0.4,2,0.6,3,2,0.6,5,3,lmifay,family,['family'],idk,idk,family,family,family,,,,
270,0.5,3,0.5,3,3,0.5,6,3,spilme,simple,['simple'],idk,idk,idk,simple,simple,simple,,,
271,0.0,0,1.0,7,0,1.0,7,7,okbo,book,"['kobo', 'book']",book,book,book,book,book,book,book,,
272,0.5,4,0.5,4,4,0.5,8,4,tnmho,month,['month'],idk,idk,idk,month,month,idk,month,month,
273,0.2222222222222222,2,0.7777777777777778,7,2,0.7777777777777778,9,7,ichceo,choice,"['echoic', 'choice']",choice,choice,idk,idk,choice,choice,choice,choice,choice
274,0.125,1,0.875,7,1,0.875,8,7,latk,talk,['talk'],talk,talk,idk,talk,talk,talk,talk,talk,
275,0.16666666666666666,1,0.5,3,3,0.5,6,3,liefd,field,['field'],field,field,idk,filed,field,filed,,,
276,0.6,3,0.4,2,3,0.4,5,2,ipylsm,simply,['simply'],idk,idk,idk,simply,simply,,,,
277,0.125,1,0.875,7,1,0.875,8,7,fhla,half,['half'],half,half,idk,half,half,half,half,half,
278,0.42857142857142855,3,0.5714285714285714,4,6,0.14285714285714285,7,1,bador,board,"['broad', 'board', 'dobra']",idk,idk,idk,board,broad,broad,broad,,
279,0.7142857142857143,5,0.2857142857142857,2,5,0.2857142857142857,7,2,dmenor,modern,['modern'],idk,idk,idk,modern,idk,idk,modern,,
28,0.0,0,1.0,6,0,1.0,6,6,nokw,know,['know'],know,know,know,know,know,know,,,
280,0.0,0,1.0,5,0,1.0,5,5,nahd,hand,['hand'],hand,hand,hand,hand,hand,,,,
281,0.4,2,0.4,2,3,0.4,5,2,pcesa,space,"['space', 'scape']",idk,idk,space,paces,space,,,,
282,0.6,3,0.2,1,4,0.2,5,1,rracee,career,['career'],idk,career,idk,carer,idk,,,,
283,0.0,0,1.0,7,0,1.0,7,7,midn,mind,['mind'],mind,mind,mind,mind,mind,mind,mind,,
284,0.0,0,1.0,7,0,1.0,7,7,ihgft,fight,['fight'],fight,fight,fight,fight,fight,fight,fight,,
285,0.4,2,0.6,3,2,0.6,5,3,uregif,figure,['figure'],idk,figure,idk,figure,figure,,,,
286,0.0,0,1.0,5,0,1.0,5,5,tcfa,fact,['fact'],fact,fact,fact,fact,fact,,,,
287,0.25,2,0.625,5,3,0.625,8,5,siuse,issue,['issue'],idk,issue,idk,susie,issue,issue,issue,issue,
288,0.4,2,0.4,2,3,0.4,5,2,egtrfo,forget,['forget'],idk,forget,idk,forget,forego,,,,
289,0.14285714285714285,1,0.7142857142857143,5,2,0.7142857142857143,7,5,ture,true,['true'],true,true,rute,idk,true,true,true,,
29,0.0,0,0.8,4,1,0.8,5,4,lsitl,still,['still'],still,list,still,still,still,,,,
290,0.2,1,0.6,3,2,0.6,5,3,ocref,force,['force'],dk,force,idk,force,force,,,,
291,0.16666666666666666,1,0.6666666666666666,4,5,0.16666666666666666,6,1,nietsl,listen,"['enlist', 'tinsel', 'listen', 'silent']",idk,silent,tinsel,tinsel,listen,slient,,,
292,0.0,0,1.0,5,0,1.0,5,5,doof,food,['food'],food,food,food,food,food,,,,
293,0.3333333333333333,2,0.6666666666666666,4,2,0.6666666666666666,6,4,pcrei,price,['price'],price,price,idk,idk,price,price,,,
294,0.7142857142857143,5,0.2857142857142857,2,5,0.2857142857142857,7,2,seascc,access,['access'],idk,idk,idk,access,idk,idk,access,,
295,0.0,0,1.0,9,0,1.0,9,9,ydbo,body,['body'],body,body,body,body,body,body,body,body,body
296,0.4,2,0.6,3,2,0.6,5,3,tolat,total,['total'],idk,idk,total,total,total,,,,
297,0.7142857142857143,5,0.2857142857142857,2,7,0.0,7,0,ernect,recent,"['tenrec', 'center', 'recent']",idk,idk,idk,center,idk,center,idk,,
298,0.0,0,0.8,4,4,0.2,5,1,slot,lost,"['slot', 'lost']",lost,slot,slot,lots,slot,,,,
299,0.125,1,0.875,7,1,0.875,8,7,vobae,above,['above'],idk,above,above,above,above,above,above,above,
3,0.0,0,1.0,6,0,1.0,6,6,eplepo,people,['people'],people,people,people,people,people,people,,,
30,0.16666666666666666,1,0.8333333333333334,5,1,0.8333333333333334,6,5,doescn,second,['second'],idk,second,second,second,second,second,,,
300,0.6,3,0.2,1,4,0.2,5,1,eegisn,seeing,['seeing'],idk,idk,idk,genies,seeing,,,,
301,0.0,0,1.0,4,1,0.75,4,3,omro,room,"['moor', 'room', 'moro']",moor,room,room,room,,,,,
302,0.0,0,1.0,4,1,0.75,4,3,sareh,share,"['share', 'shear']",shear,share,share,share,,,,,
303,0.0,0,0.3333333333333333,1,2,0.3333333333333333,3,1,poreeu,europe,['europe'],europe,pore,puree,,,,,,
304,0.0,0,1.0,4,0,1.0,4,4,iglr,girl,['girl'],girl,girl,girl,girl,,,,,
305,0.0,0,1.0,4,0,1.0,4,4,snsee,sense,"['essen', 'sense']",sense,sense,sense,sense,,,,,
306,0.2,1,0.8,4,1,0.8,5,4,gorwht,growth,['growth'],growth,growth,idk,growth,growth,,,,
307,0.0,0,1.0,4,0,1.0,4,4,einc,nice,['nice'],nice,nice,nice,nice,,,,,
308,0.3333333333333333,1,0.6666666666666666,2,1,0.6666666666666666,3,2,lpira,april,"['pilar', 'april']",april,idk,april,,,,,,
309,0.0,0,1.0,4,0,1.0,4,4,mvigno,moving,['moving'],moving,moving,moving,moving,,,,,
31,0.0,0,0.42857142857142855,3,4,0.42857142857142855,7,3,rvoe,over,['over'],over,over,over,rove,vero,rove,rove,,
310,0.0,0,1.0,6,0,1.0,6,6,atsp,past,"['past', 'spat', 'taps']",past,past,past,past,past,past,,,
311,0.0,0,1.0,4,0,1.0,4,4,tvene,event,['event'],event,event,event,event,,,,,
312,0.0,0,1.0,4,0,1.0,4,4,ghreac,charge,['charge'],charge,charge,charge,charge,,,,,
313,0.0,0,1.0,4,0,1.0,4,4,ieda,idea,"['aide', 'idea']",idea,idea,idea,idea,,,,,
314,0.2,1,0.8,4,2,0.6,5,3,earkb,break,"['baker', 'break', 'brake']",break,break,idk,brake,break,,,,
315,0.5,2,0.5,2,2,0.5,4,2,ghiwet,weight,['weight'],weight,weight,idk,idk,,,,,
316,0.0,0,1.0,5,0,1.0,5,5,oemv,move,['move'],move,move,move,move,move,,,,
317,0.0,0,1.0,4,0,1.0,4,4,uessg,guess,['guess'],guess,guess,guess,guess,,,,,
318,0.0,0,1.0,4,0,1.0,4,4,etffec,effect,['effect'],effect,effect,effect,effect,,,,,
319,0.0,0,1.0,4,0,1.0,4,4,iwta,wait,['wait'],wait,wait,wait,wait,,,,,
32,0.0,0,1.0,5,0,1.0,5,5,eevnr,never,"['verne', 'never', 'nerve']",never,never,never,never,never,,,,
320,0.0,0,1.0,4,0,1.0,4,4,enrla,learn,['learn'],learn,learn,learn,learn,,,,,
321,0.3333333333333333,1,0.6666666666666666,2,1,0.6666666666666666,3,2,tarece,create,"['cerate', 'create', 'ecarte']",create,idk,create,,,,,,
322,0.0,0,0.8,4,1,0.8,5,4,atle,late,"['tael', 'teal', 'late']",late,tale,late,late,late,,,,
323,0.25,1,0.75,3,1,0.75,4,3,eoanl,alone,['alone'],alone,alone,idk,alone,,,,,
324,0.0,0,1.0,4,0,1.0,4,4,uobdle,double,['double'],double,double,double,double,,,,,
325,0.0,0,1.0,3,0,1.0,3,3,taad,data,['data'],data,data,data,,,,,,
326,0.0,0,1.0,4,3,0.25,4,1,whtor,worth,"['throw', 'worth']",throw,worth,throw,throw,,,,,
327,0.4,2,0.6,3,2,0.6,5,3,rnlmao,normal,"['molnar', 'normal']",idk,normal,idk,normal,normal,,,,
328,0.0,0,1.0,4,0,1.0,4,4,atsy,stay,['stay'],stay,stay,stay,stay,,,,,
329,0.0,0,1.0,5,0,1.0,5,5,spser,press,['press'],press,press,press,press,press,,,,
33,0.2,1,0.8,4,1,0.8,5,4,eubmrn,number,['number'],idk,number,number,number,number,,,,
330,0.0,0,0.75,3,1,0.75,4,3,indlsa,island,['island'],island,island,island,islands,,,,,
331,0.0,0,1.0,4,0,1.0,4,4,oons,soon,['soon'],soon,soon,soon,soon,,,,,
332,0.25,1,0.75,3,1,0.75,4,3,ahdsn,hands,['hands'],hands,hands,idk,hands,,,,,
333,0.2,1,0.0,0,5,0.0,5,0,eecptx,expect,['expect'],except,except,idk,except,except,,,,
334,0.0,0,0.75,3,2,0.5,4,2,nrtu,turn,"['runt', 'turn']",turn,tun,runt,turn,,,,,
335,0.0,0,1.0,4,0,1.0,4,4,vomie,movie,['movie'],movie,movie,movie,movie,,,,,
336,0.0,0,1.0,4,0,1.0,4,4,mlefea,female,['female'],female,female,female,female,,,,,
337,0.0,0,0.8,4,2,0.6,5,3,ldea,deal,"['dale', 'deal', 'lead', 'leda']",deal,idea,deal,deal,lead,,,,
338,0.0,0,1.0,5,0,1.0,5,5,douns,sound,['sound'],sound,sound,sound,sound,sound,,,,
339,0.16666666666666666,1,0.8333333333333334,5,2,0.6666666666666666,6,4,ceditr,credit,"['credit', 'direct']",credit,direct,credit,idk,credit,credit,,,
34,0.0,0,1.0,6,0,1.0,6,6,ekma,make,['make'],make,make,make,make,make,make,,,
340,0.0,0,1.0,5,0,1.0,5,5,orfm,form,['form'],form,form,form,form,form,,,,
341,0.0,0,1.0,4,0,1.0,4,4,lvaeu,value,"['uveal', 'value']",value,value,value,value,,,,,
342,0.4,2,0.6,3,2,0.6,5,3,vetalr,travel,['travel'],idk,travel,idk,travel,travel,,,,
343,0.0,0,0.8,4,1,0.8,5,4,iref,fire,['fire'],fire,fire,rife,fire,fire,,,,
344,0.0,0,1.0,6,0,1.0,6,6,ourdn,round,['round'],round,round,round,round,round,round,,,
345,0.3333333333333333,1,0.6666666666666666,2,3,0.0,3,0,gornei,region,"['region', 'origen', 'ignore']",ignore,idk,ignore,,,,,,
346,0.0,0,0.8,4,1,0.8,5,4,aeys,easy,"['eyas', 'easy']",yeas,easy,easy,easy,easy,,,,
347,0.0,0,1.0,4,0,1.0,4,4,dsnta,stand,['stand'],stand,stand,stand,stand,,,,,
348,0.25,1,0.75,3,1,0.75,4,3,umniet,minute,"['minuet', 'minute']",minute,minute,idk,minute,,,,,
349,0.0,0,1.0,4,1,0.75,4,3,aern,near,"['near', 'earn']",near,near,earn,near,,,,,
35,0.16666666666666666,1,0.8333333333333334,5,1,0.8333333333333334,6,5,ldowr,world,['world'],idk,world,world,world,world,world,,,
350,0.0,0,1.0,5,0,1.0,5,5,tfsuf,stuff,['stuff'],stuff,stuff,stuff,stuff,stuff,,,,
351,0.5,2,0.5,2,2,0.5,4,2,ebodny,beyond,['beyond'],idk,idk,beyond,beyond,,,,,
352,0.0,0,0.6666666666666666,2,2,0.3333333333333333,3,1,setw,west,"['stew', 'west']",wets,stew,west,,,,,,
353,0.0,0,1.0,4,0,1.0,4,4,egrne,green,"['green', 'genre']",green,green,green,green,,,,,
354,0.25,1,0.5,2,2,0.5,4,2,anurte,nature,['nature'],return,nature,idk,nature,,,,,
355,0.0,0,0.75,3,1,0.75,4,3,lnap,plan,['plan'],plan,plan,plan,plam,,,,,
356,0.0,0,0.5,2,2,0.5,4,2,vreid,drive,"['verdi', 'drive', 'diver']",drive,dive,drive,siver,,,,,
357,0.0,0,0.4,2,3,0.4,5,2,ptdose,posted,['posted'],despot,dose,posted,depots,posted,,,,
358,0.0,0,1.0,4,4,0.0,4,0,slti,list,"['silt', 'list', 'slit']",slit,slit,slit,slit,,,,,
359,0.0,0,1.0,5,0,1.0,5,5,leomd,model,['model'],model,model,model,model,model,,,,
36,0.16666666666666666,1,0.8333333333333334,5,1,0.8333333333333334,6,5,lpcuib,public,['public'],public,public,idk,public,public,public,,,
360,0.0,0,1.0,3,0,1.0,3,3,afsyte,safety,['safety'],safety,safety,safety,,,,,,
361,0.0,0,1.0,5,0,1.0,5,5,ytpe,type,['type'],type,type,type,type,type,,,,
362,0.0,0,1.0,4,0,1.0,4,4,ctmha,match,['match'],match,match,match,match,,,,,
363,0.5,2,0.5,2,2,0.5,4,2,naaacd,canada,['canada'],canada,canada,idk,idk,,,,,
364,0.0,0,1.0,5,0,1.0,5,5,etme,meet,"['teem', 'meet']",meet,meet,meet,meet,meet,,,,
365,0.0,0,1.0,4,4,0.0,4,0,rtuts,trust,"['trust', 'strut']",strut,strut,strut,strut,,,,,
366,0.6,3,0.2,1,4,0.2,5,1,onciem,income,['income'],idk,idk,income,idk,incom,,,,
367,0.0,0,0.6,3,2,0.6,5,3,osgn,song,"['snog', 'song']",son,nogs,song,song,song,,,,
368,0.0,0,0.6,3,2,0.6,5,3,etdra,trade,"['tread', 'trade']",rated,trade,trade,trade,rated,,,,
369,0.0,0,1.0,4,0,1.0,4,4,seacrh,search,"['eschar', 'search', 'chaser']",search,search,search,search,,,,,
37,0.0,0,1.0,4,0,1.0,4,4,htne,then,['then'],then,then,then,then,,,,,
370,0.0,0,1.0,4,0,1.0,4,4,byba,baby,['baby'],baby,baby,baby,baby,,,,,
371,0.0,0,1.0,4,1,0.75,4,3,eanrg,range,"['anger', 'range']",range,range,range,anger,,,,,
372,0.25,1,0.25,1,3,0.25,4,1,ariydf,friday,['friday'],friday,fairy,idk,dairy,,,,,
373,0.0,0,1.0,4,0,1.0,4,4,wdor,word,['word'],word,word,word,word,,,,,
374,0.0,0,0.75,3,1,0.75,4,3,cheif,chief,['chief'],chief,chief,chief,cheif,,,,,
375,0.0,0,1.0,4,0,1.0,4,4,gbllao,global,['global'],global,global,global,global,,,,,
376,0.0,0,1.0,4,0,1.0,4,4,esfl,self,['self'],self,self,self,self,,,,,
377,0.25,1,0.75,3,1,0.75,4,3,ystle,style,['style'],idk,style,style,style,,,,,
378,0.25,1,0.75,3,3,0.25,4,1,anremg,german,"['engram', 'german', 'manger']",manger,german,idk,manger,,,,,
379,0.0,0,1.0,4,0,1.0,4,4,inam,main,['main'],main,main,main,main,,,,,
38,0.0,0,1.0,8,2,0.75,8,6,etarg,great,"['great', 'grate']",grate,great,great,grate,great,great,great,great,
380,0.0,0,1.0,4,0,1.0,4,4,owrel,lower,"['lower', 'rowel']",lower,lower,lower,lower,,,,,
381,0.0,0,1.0,5,0,1.0,5,5,tteerl,letter,['letter'],letter,letter,letter,letter,letter,,,,
382,0.0,0,1.0,5,0,1.0,5,5,edlh,held,['held'],held,held,held,held,held,,,,
383,0.0,0,1.0,5,1,0.8,5,4,easgt,stage,"['stage', 'gates']",stage,stage,stage,stage,gates,,,,
384,0.25,1,0.5,2,3,0.25,4,1,elaerd,leader,"['leader', 'dealer']",redeal,leader,idk,dealer,,,,,
385,0.0,0,1.0,4,0,1.0,4,4,daro,road,"['road', 'orad']",road,road,road,road,,,,,
386,0.25,1,0.75,3,4,0.0,4,0,cahin,china,"['chain', 'chian', 'china']",chain,chain,idk,chain,,,,,
387,0.25,1,0.75,3,3,0.25,4,1,sestir,sister,"['resist', 'sister']",sister,resist,idk,resist,,,,,
388,0.0,0,1.0,4,0,1.0,4,4,ntow,town,['town'],town,town,town,town,,,,,
389,0.0,0,1.0,4,0,1.0,4,4,lbodo,blood,['blood'],blood,blood,blood,blood,,,,,
39,0.6,3,0.4,2,3,0.4,5,2,tsmyes,system,['system'],idk,system,idk,system,idk,,,,
390,0.5,2,0.5,2,2,0.5,4,2,atrohu,author,['author'],idk,author,idk,author,,,,,
391,0.0,0,0.5,3,3,0.5,6,3,tocs,cost,"['scot', 'cost']",cots,cots,cots,cost,cost,cost,,,
392,0.0,0,1.0,4,0,1.0,4,4,etilt,title,['title'],title,title,title,title,,,,,
393,0.2,1,0.8,4,1,0.8,5,4,nunala,annual,['annual'],idk,annual,annual,annual,annual,,,,
394,0.0,0,1.0,4,0,1.0,4,4,einf,fine,['fine'],fine,fine,fine,fine,,,,,
395,0.25,1,0.75,3,1,0.75,4,3,onyje,enjoy,['enjoy'],enjoy,enjoy,idk,enjoy,,,,,
396,0.0,0,0.8,4,2,0.6,5,3,lbeatt,battle,"['tablet', 'battle']",tablet,battle,battle,battle,albeat,,,,
397,0.0,0,0.8,4,1,0.8,5,4,rset,rest,['rest'],rest,rest,ret,rest,rest,,,,
398,0.0,0,1.0,5,3,0.4,5,2,pusre,super,"['purse', 'sprue', 'super']",purse,purse,purse,super,super,,,,
399,0.25,1,0.75,3,1,0.75,4,3,deeger,degree,['degree'],degree,degree,idk,degree,,,,,
4,0.0,0,1.0,8,0,1.0,8,8,wlli,will,['will'],will,will,will,will,will,will,will,will,
40,0.0,0,1.0,6,0,1.0,6,6,bcak,back,['back'],back,back,back,back,back,back,,,
400,0.0,0,1.0,6,0,1.0,6,6,ertm,term,['term'],term,term,term,term,term,term,,,
401,0.0,0,1.0,3,0,1.0,3,3,legla,legal,['legal'],legal,legal,legal,,,,,,
402,0.2,1,0.8,4,1,0.8,5,4,enrcfa,france,['france'],france,france,idk,france,france,,,,
403,0.0,0,1.0,5,0,1.0,5,5,wfie,wife,['wife'],wife,wife,wife,wife,wife,,,,
404,0.3333333333333333,1,0.6666666666666666,2,1,0.6666666666666666,3,2,innou,union,['union'],idk,union,union,,,,,,
405,0.2,1,0.8,4,1,0.8,5,4,itecav,active,['active'],active,active,idk,active,active,,,,
406,0.0,0,1.0,4,2,0.5,4,2,areh,hear,"['hare', 'rhea', 'hear', 'hera']",hear,hare,hare,hear,,,,,
407,0.0,0,0.5,2,2,0.5,4,2,esnev,seven,['seven'],evens,seven,seven,evens,,,,,
408,0.25,1,0.5,2,2,0.5,4,2,craecn,cancer,['cancer'],accern,cancer,idk,cancer,,,,,
409,0.0,0,1.0,4,4,0.0,4,0,hsto,shot,"['host', 'shot']",host,host,host,host,,,,,
41,0.0,0,1.0,8,0,1.0,8,8,iwhle,while,['while'],while,while,while,while,while,while,while,while,
410,0.0,0,1.0,3,0,1.0,3,3,corve,cover,['cover'],cover,cover,cover,,,,,,
411,0.2,1,0.6,3,4,0.2,5,1,smraet,master,"['martes', 'master', 'stream']",emarts,master,idk,stream,stream,,,,
412,0.0,0,1.0,4,0,1.0,4,4,imss,miss,['miss'],miss,miss,miss,miss,,,,,
413,0.0,0,1.0,3,0,1.0,3,3,aftsf,staff,['staff'],staff,staff,staff,,,,,,
414,0.0,0,1.0,5,0,1.0,5,5,woedrn,wonder,['wonder'],wonder,wonder,wonder,wonder,wonder,,,,
415,0.0,0,1.0,4,0,1.0,4,4,deta,date,['date'],date,date,date,date,,,,,
416,0.0,0,1.0,4,0,1.0,4,4,ycraz,crazy,['crazy'],crazy,crazy,crazy,crazy,,,,,
417,0.5,2,0.5,2,2,0.5,4,2,usrais,russia,['russia'],russia,russia,idk,idk,,,,,
418,0.0,0,1.0,4,0,1.0,4,4,etis,site,['site'],site,site,site,site,,,,,
419,0.25,1,0.75,3,1,0.75,4,3,btlui,built,['built'],idk,built,built,built,,,,,
42,0.0,0,1.0,5,0,1.0,5,5,nserop,person,['person'],person,person,person,person,person,,,,
420,0.0,0,0.75,3,1,0.75,4,3,erctse,secret,"['resect', 'secret']",secret,secret,secret,ecret,,,,,
421,0.0,0,1.0,5,0,1.0,5,5,daln,land,['land'],land,land,land,land,land,,,,
422,0.0,0,1.0,4,0,1.0,4,4,aildy,daily,"['lydia', 'daily']",daily,daily,daily,daily,,,,,
423,0.0,0,0.5,2,2,0.5,4,2,stleat,latest,['latest'],least,latest,latest,stealt,,,,,
424,0.0,0,1.0,4,0,1.0,4,4,seey,eyes,['eyes'],eyes,eyes,eyes,eyes,,,,,
425,0.0,0,1.0,4,0,1.0,4,4,voiec,voice,['voice'],voice,voice,voice,voice,,,,,
426,0.25,1,0.5,2,2,0.5,4,2,sieron,senior,['senior'],nosierj,senior,idk,senior,,,,,
427,0.25,1,0.75,3,1,0.75,4,3,nuje,june,['june'],june,june,june,idk,,,,,
428,0.0,0,1.0,5,0,1.0,5,5,papre,paper,['paper'],paper,paper,paper,paper,paper,,,,
429,0.0,0,0.8,4,1,0.8,5,4,fertof,effort,['effort'],effort,forfet,effort,effort,effort,,,,
43,0.0,0,1.0,5,0,1.0,5,5,nwat,want,['want'],want,want,want,want,want,,,,
430,0.0,0,1.0,5,5,0.0,5,0,aeld,lead,"['dale', 'deal', 'lead', 'leda']",deal,deal,dale,deal,deal,,,,
431,0.0,0,0.75,3,4,0.0,4,0,asptr,parts,"['sprat', 'parts', 'strap']",strap,strap,strap,traps,,,,,
432,0.0,0,1.0,4,0,1.0,4,4,sngpir,spring,['spring'],spring,spring,spring,spring,,,,,
433,0.0,0,1.0,5,0,1.0,5,5,lucb,club,['club'],club,club,club,club,club,,,,
434,0.0,0,1.0,5,2,0.6,5,3,earht,earth,"['heart', 'herat', 'harte', 'earth', 'hater']",earth,heart,earth,earth,heart,,,,
435,0.4,2,0.4,2,3,0.4,5,2,atcpmi,impact,['impact'],idk,pact,idk,impact,impact,,,,
436,0.0,0,1.0,3,0,1.0,3,3,lfim,film,['film'],film,film,film,,,,,,
437,0.2,1,0.4,2,3,0.4,5,2,oewbl,below,"['elbow', 'below']",idk,bowel,below,below,bowel,,,,
438,1.0,4,0.0,0,4,0.0,4,0,faiarc,africa,['africa'],idk,idk,idk,idk,,,,,
439,0.0,0,1.0,4,0,1.0,4,4,edad,dead,"['dead', 'edda']",dead,dead,dead,dead,,,,,
44,0.0,0,1.0,5,0,1.0,5,5,eeyvr,every,"['every', 'veery']",every,every,every,every,every,,,,
440,0.0,0,1.0,4,0,1.0,4,4,etbla,table,"['bleat', 'table']",table,table,table,table,,,,,
441,0.0,0,0.8,4,1,0.8,5,4,audnsy,sunday,['sunday'],sunday,sunday,sunday,sandy,sunday,,,,
442,0.0,0,1.0,3,0,1.0,3,3,stte,test,"['stet', 'test']",test,test,test,,,,,,
443,0.0,0,0.8333333333333334,5,1,0.8333333333333334,6,5,uthtr,truth,['truth'],ruth,truth,truth,truth,truth,truth,,,
444,0.0,0,1.0,4,2,0.5,4,2,dicrte,direct,"['credit', 'direct']",credit,direct,credit,direct,,,,,
445,0.0,0,1.0,5,1,0.8,5,4,weiv,view,"['view', 'wive']",view,view,view,view,wive,,,,
446,0.0,0,1.0,4,0,1.0,4,4,roffe,offer,['offer'],offer,offer,offer,offer,,,,,
447,0.25,1,0.5,2,2,0.5,4,2,anidni,indian,['indian'],indian,india,idk,indian,,,,,
448,0.0,0,1.0,5,0,1.0,5,5,ohld,hold,['hold'],hold,hold,hold,hold,hold,,,,
449,0.0,0,0.75,3,1,0.75,4,3,epsel,sleep,['sleep'],sleep,sleep,sleep,spell,,,,,
45,0.2,1,0.8,4,1,0.8,5,4,uhoeng,enough,['enough'],idk,enough,enough,enough,enough,,,,
450,0.3333333333333333,1,0.6666666666666666,2,1,0.6666666666666666,3,2,selaiy,easily,['easily'],easily,idk,easily,,,,,,
451,0.25,1,0.25,1,3,0.25,4,1,rtsa,star,['star'],idk,arts,arts,star,,,,,
452,0.0,0,1.0,3,0,1.0,3,3,isvit,visit,"['visit', 'vitis']",visit,visit,visit,,,,,,
453,0.3333333333333333,1,0.3333333333333333,1,2,0.3333333333333333,3,1,hisnif,finish,['finish'],idk,finish,sniffh,,,,,,
454,0.0,0,1.0,3,0,1.0,3,3,uhor,hour,['hour'],hour,hour,hour,,,,,,
455,0.0,0,1.0,3,0,1.0,3,3,eeipc,piece,['piece'],piece,piece,piece,,,,,,
456,0.5,2,0.25,1,3,0.25,4,1,ocseho,choose,['choose'],idk,choose,chose,idk,,,,,
457,0.25,1,0.75,3,1,0.75,4,3,hswi,wish,['wish'],wish,wish,wish,idk,,,,,
458,0.4,2,0.6,3,2,0.6,5,3,ndiai,india,['india'],idk,india,india,india,idk,,,,
459,0.3333333333333333,1,0.0,0,3,0.0,3,0,dcoesl,closed,['closed'],idk,scoled,sloed,,,,,,
46,0.0,0,1.0,4,0,1.0,4,4,elwl,well,['well'],well,well,well,well,,,,,
460,0.0,0,1.0,6,0,1.0,6,6,goen,gone,['gone'],gone,gone,gone,gone,gone,gone,,,
461,0.25,1,0.75,3,1,0.75,4,3,iuldb,build,['build'],build,idk,build,build,,,,,
462,0.6666666666666666,2,0.3333333333333333,1,2,0.3333333333333333,3,1,gdaeam,damage,"['dagame', 'damage']",idk,idk,damage,,,,,,
463,0.0,0,1.0,3,0,1.0,3,3,dlgo,gold,['gold'],gold,gold,gold,,,,,,
464,0.3333333333333333,1,0.6666666666666666,2,1,0.6666666666666666,3,2,errvi,river,['river'],river,river,idk,,,,,,
465,0.0,0,1.0,3,0,1.0,3,3,oroctd,doctor,['doctor'],doctor,doctor,doctor,,,,,,
466,0.0,0,1.0,3,0,1.0,3,3,gikn,king,['king'],king,king,king,,,,,,
467,0.5,1,0.0,0,2,0.0,2,0,sepka,speak,['speak'],idk,peaks,,,,,,,
468,0.6666666666666666,2,0.3333333333333333,1,2,0.3333333333333333,3,1,ctenio,notice,['notice'],idk,notice,idk,,,,,,
469,0.0,0,1.0,3,0,1.0,3,3,luyj,july,['july'],july,july,july,,,,,,
47,0.25,1,0.75,3,3,0.25,4,1,teehr,three,"['ether', 'there', 'three']",idk,there,there,three,,,,,
470,0.25,1,0.5,2,2,0.5,4,2,wietr,write,['write'],idk,write,write,tweir,,,,,
471,0.6666666666666666,2,0.3333333333333333,1,2,0.3333333333333333,3,1,yhhgli,highly,['highly'],idk,highly,idk,,,,,,
472,0.3333333333333333,1,0.0,0,3,0.0,3,0,ates,east,"['seta', 'east', 'seat']",idk,teas,eats,,,,,,
473,0.25,1,0.75,3,1,0.75,4,3,iegth,eight,['eight'],eight,eight,eight,idk,,,,,
474,0.4,2,0.4,2,3,0.4,5,2,rteinw,winter,"['twiner', 'winter']",winter,idk,winter,writen,idk,,,,
475,0.3333333333333333,1,0.0,0,3,0.0,3,0,sten,sent,"['sent', 'nest']",tens,nets,idk,,,,,,
476,0.0,0,1.0,5,0,1.0,5,5,ufnny,funny,['funny'],funny,funny,funny,funny,funny,,,,
477,0.0,0,1.0,5,0,1.0,5,5,ekronb,broken,['broken'],broken,broken,broken,broken,broken,,,,
478,0.25,1,0.75,3,1,0.75,4,3,bnak,bank,['bank'],idk,bank,bank,bank,,,,,
479,0.3333333333333333,1,0.3333333333333333,1,2,0.3333333333333333,3,1,krcta,track,['track'],idk,track,crakt,,,,,,
48,0.3333333333333333,2,0.6666666666666666,4,2,0.6666666666666666,6,4,gehnca,change,['change'],idk,change,idk,change,change,change,,,
480,0.6666666666666666,2,0.3333333333333333,1,2,0.3333333333333333,3,1,eoytrh,theory,['theory'],idk,theory,idk,,,,,,
481,0.25,1,0.5,2,3,0.25,4,1,oerl,role,"['lore', 'role']",lore,idk,role,roel,,,,,
482,0.6666666666666666,2,0.3333333333333333,1,2,0.3333333333333333,3,1,buaml,album,['album'],album,idk,idk,,,,,,
483,0.5,2,0.5,2,2,0.5,4,2,caedvi,advice,['advice'],advice,idk,advice,idk,,,,,
484,0.0,0,1.0,4,0,1.0,4,4,rkpa,park,['park'],park,park,park,park,,,,,
485,0.0,0,1.0,3,0,1.0,3,3,eacep,peace,['peace'],peace,peace,peace,,,,,,
486,0.3333333333333333,1,0.6666666666666666,2,1,0.6666666666666666,3,2,iatonn,nation,"['anoint', 'nation']",idk,nation,nation,,,,,,
487,0.0,0,0.75,3,1,0.75,4,3,olco,cool,['cool'],loco,cool,cool,cool,,,,,
488,0.6666666666666666,2,0.3333333333333333,1,2,0.3333333333333333,3,1,orets,store,['store'],idk,store,idk,,,,,,
489,0.3333333333333333,1,0.0,0,3,0.0,3,0,recmaa,camera,['camera'],idk,creama,creaam,,,,,,
49,0.0,0,0.8571428571428571,6,1,0.8571428571428571,7,6,hcmu,much,"['chum', 'much']",much,muvh,much,much,much,much,much,,
490,0.0,0,1.0,5,0,1.0,5,5,ibll,bill,['bill'],bill,bill,bill,bill,bill,,,,
491,0.0,0,1.0,3,0,1.0,3,3,bwron,brown,['brown'],brown,brown,brown,,,,,,
492,0.3333333333333333,1,0.3333333333333333,1,2,0.3333333333333333,3,1,ycgane,agency,"['cagney', 'agency']",idk,agency,cogane,,,,,,
493,0.0,0,0.75,3,2,0.5,4,2,esva,save,"['save', 'aves', 'vase']",save,save,vase,vaest,,,,,
494,0.6666666666666666,2,0.3333333333333333,1,2,0.3333333333333333,3,1,omevd,moved,['moved'],idk,moved,idk,,,,,,
495,0.6666666666666666,2,0.3333333333333333,1,2,0.3333333333333333,3,1,sutsat,status,['status'],idk,status,idk,,,,,,
496,0.5,2,0.5,2,3,0.25,4,1,rtea,rate,"['rate', 'tare', 'tera', 'tear']",rate,idk,tear,idk,,,,,
497,0.6666666666666666,2,0.3333333333333333,1,2,0.3333333333333333,3,1,hadae,ahead,['ahead'],idk,ahead,idk,,,,,,
498,0.4,2,0.6,3,2,0.6,5,3,eurrdm,murder,['murder'],idk,murder,murder,murder,idk,,,,
499,0.0,0,1.0,3,0,1.0,3,3,fsta,fast,['fast'],fast,fast,fast,,,,,,
5,0.0,0,1.0,4,1,0.75,4,3,hrete,there,"['ether', 'there', 'three']",there,three,there,there,,,,,
50,0.0,0,1.0,6,3,0.5,6,3,eastt,state,"['state', 'taste', 'testa']",state,taste,state,state,taste,taste,,,
500,0.5,2,0.5,2,2,0.5,4,2,oaird,radio,"['radio', 'aroid']",radio,idk,radio,idk,,,,,
501,0.3333333333333333,1,0.6666666666666666,2,1,0.6666666666666666,3,2,tlgifh,flight,['flight'],flight,flight,idk,,,,,,
502,0.0,0,1.0,3,0,1.0,3,3,eblu,blue,"['bleu', 'blue']",blue,blue,blue,,,,,,
503,0.2,1,0.6,3,2,0.6,5,3,olwla,allow,['allow'],idk,allow,allow,allow,lawlo,,,,
504,0.0,0,1.0,5,0,1.0,5,5,eeffoc,coffee,['coffee'],coffee,coffee,coffee,coffee,coffee,,,,
505,0.0,0,1.0,5,0,1.0,5,5,ezsi,size,['size'],size,size,size,size,size,,,,
506,0.25,1,0.5,2,2,0.5,4,2,cssor,cross,['cross'],cross,idk,cross,cossr,,,,,
507,0.75,3,0.25,1,3,0.25,4,1,lacatu,actual,['actual'],idk,idk,actual,idk,,,,,
508,0.25,1,0.0,0,4,0.0,4,0,setp,step,"['pest', 'step']",pets,pets,pets,idk,,,,,
509,0.6666666666666666,2,0.3333333333333333,1,2,0.3333333333333333,3,1,levod,loved,['loved'],idk,loved,idk,,,,,,
51,0.16666666666666666,1,0.8333333333333334,5,1,0.8333333333333334,6,5,aingkm,making,['making'],making,making,idk,making,making,making,,,
510,0.3333333333333333,1,0.6666666666666666,2,1,0.6666666666666666,3,2,ielmob,mobile,['mobile'],idk,mobile,mobile,,,,,,
511,0.0,0,1.0,5,0,1.0,5,5,lfal,fall,['fall'],fall,fall,fall,fall,fall,,,,
512,0.0,0,0.6666666666666666,2,1,0.6666666666666666,3,2,psdee,speed,['speed'],speed,speed,deeps,,,,,,
513,0.6,3,0.2,1,4,0.2,5,1,nedoep,opened,['opened'],idk,idk,opened,deepon,idk,,,,
514,0.0,0,1.0,5,1,0.8,5,4,telf,felt,"['left', 'felt']",left,felt,felt,felt,felt,,,,
515,0.0,0,1.0,3,0,1.0,3,3,scouf,focus,['focus'],focus,focus,focus,,,,,,
516,0.25,1,0.75,3,1,0.75,4,3,dpacle,placed,['placed'],placed,idk,placed,placed,,,,,
517,0.3333333333333333,1,0.6666666666666666,2,1,0.6666666666666666,3,2,aidp,paid,['paid'],idk,paid,paid,,,,,,
518,0.4,2,0.6,3,2,0.6,5,3,aexrt,extra,"['taxer', 'extra']",extra,idk,extra,extra,idk,,,,
519,0.0,0,1.0,3,3,0.0,3,0,edsign,signed,"['signed', 'design']",design,design,design,,,,,,
52,0.0,0,1.0,4,0,1.0,4,4,stmo,most,['most'],most,most,most,most,,,,,
520,0.3333333333333333,1,0.6666666666666666,2,2,0.3333333333333333,3,1,gpea,page,"['page', 'gape']",idk,gape,page,,,,,,
521,0.0,0,1.0,3,0,1.0,3,3,kcuqi,quick,['quick'],quick,quick,quick,,,,,,
522,0.6666666666666666,2,0.3333333333333333,1,2,0.3333333333333333,3,1,itagen,eating,['eating'],idk,eating,idk,,,,,,
523,0.0,0,0.6666666666666666,2,3,0.0,3,0,vteo,vote,"['vote', 'veto']",veto,veto,veot,,,,,,
524,0.2,1,0.8,4,1,0.8,5,4,clnae,clean,"['lance', 'clean']",clean,clean,clean,clean,idk,,,,
525,0.25,1,0.75,3,1,0.75,4,3,eencsr,screen,"['screen', 'censer']",screen,idk,screen,screen,,,,,
526,0.0,0,1.0,4,0,1.0,4,4,htae,hate,"['thea', 'hate', 'heat']",hate,hate,hate,hate,,,,,
527,0.0,0,0.6666666666666666,2,1,0.6666666666666666,3,2,eecsn,scene,"['cense', 'scene']",scene,scene,sceen,,,,,,
528,0.25,1,0.5,2,2,0.5,4,2,scephe,speech,['speech'],speech,idk,speech,spheep,,,,,
529,0.3333333333333333,1,0.6666666666666666,2,1,0.6666666666666666,3,2,ndse,send,['send'],send,send,idk,,,,,,
53,0.16666666666666666,1,0.8333333333333334,5,1,0.8333333333333334,6,5,eudrn,under,['under'],idk,under,under,under,under,under,,,
530,0.6666666666666666,2,0.3333333333333333,1,2,0.3333333333333333,3,1,raeeg,agree,"['agree', 'eager', 'gerea']",idk,agree,idk,,,,,,
531,0.5,1,0.0,0,2,0.0,2,0,praaep,appear,['appear'],idk,preaap,,,,,,,
532,0.0,0,0.75,3,1,0.75,4,3,lehl,hell,['hell'],hell,hell,hell,lelh,,,,,
533,0.25,1,0.75,3,1,0.75,4,3,nsepd,spend,['spend'],spend,idk,spend,spend,,,,,
534,0.25,1,0.5,2,2,0.5,4,2,ctapec,accept,['accept'],idk,accept,accept,pectac,,,,,
535,0.25,1,0.75,3,1,0.75,4,3,lrod,lord,['lord'],idk,lord,lord,lord,,,,,
536,0.3333333333333333,1,0.6666666666666666,2,1,0.6666666666666666,3,2,ahyev,heavy,['heavy'],idk,heavy,heavy,,,,,,
537,0.5,1,0.5,1,1,0.5,2,1,omtbto,bottom,['bottom'],idk,bottom,,,,,,,
538,0.0,0,0.6666666666666666,2,1,0.6666666666666666,3,2,dnma,damn,['damn'],damn,damn,namd,,,,,,
539,0.5,2,0.5,2,2,0.5,4,2,cchao,coach,['coach'],idk,coach,coach,idk,,,,,
54,0.3333333333333333,2,0.6666666666666666,4,2,0.6666666666666666,6,4,huhtog,though,['though'],idk,though,idk,though,though,though,,,
540,0.25,1,0.75,3,1,0.75,4,3,saequr,square,['square'],square,idk,square,square,,,,,
541,0.0,0,1.0,4,0,1.0,4,4,opor,poor,['poor'],poor,poor,poor,poor,,,,,
542,0.0,0,0.3333333333333333,1,2,0.3333333333333333,3,1,tnari,train,['train'],train,tirant,tarin,,,,,,
543,0.6666666666666666,2,0.0,0,3,0.0,3,0,sdiaer,raised,['raised'],idk,raides,idk,,,,,,
544,0.2,1,0.6,3,2,0.6,5,3,nrob,born,"['born', 'brno']",born,idk,born,born,bron,,,,
545,0.25,1,0.75,3,1,0.75,4,3,tscos,costs,"['scots', 'costs']",idk,costs,costs,costs,,,,,
546,0.3333333333333333,1,0.3333333333333333,1,2,0.3333333333333333,3,1,eegadr,agreed,"['dragee', 'geared', 'agreed']",idk,garden,agreed,,,,,,
547,0.0,0,1.0,3,0,1.0,3,3,klwa,walk,['walk'],walk,walk,walk,,,,,,
548,0.25,1,0.5,2,2,0.5,4,2,ialcm,claim,['claim'],idk,milac,claim,claim,,,,,
549,0.25,1,0.5,2,2,0.5,4,2,enmdad,demand,"['demand', 'madden', 'damned']",idk,mended,demand,demand,,,,,
55,0.0,0,0.8333333333333334,5,1,0.8333333333333334,6,5,evry,very,['very'],very,very,revy,very,very,very,,,
550,0.3333333333333333,1,0.6666666666666666,2,1,0.6666666666666666,3,2,ikcp,pick,['pick'],pick,pick,idk,,,,,,
551,0.2,1,0.4,2,3,0.4,5,2,othel,hotel,['hotel'],idk,thole,hotel,hotel,eloth,,,,
552,0.0,0,0.75,3,1,0.75,4,3,enieng,engine,['engine'],engine,engine,engine,ingeen,,,,,
553,0.0,0,1.0,4,0,1.0,4,4,iahr,hair,['hair'],hair,hair,hair,hair,,,,,
554,0.0,0,1.0,4,0,1.0,4,4,ejudg,judge,['judge'],judge,judge,judge,judge,,,,,
555,0.6666666666666666,2,0.0,0,3,0.0,3,0,nemlat,mental,"['mental', 'mantel', 'lament', 'mantle']",idk,malent,idk,,,,,,
556,0.0,0,1.0,3,0,1.0,3,3,odro,door,['door'],door,door,door,,,,,,
557,0.3333333333333333,1,0.3333333333333333,1,2,0.3333333333333333,3,1,hcear,reach,['reach'],idk,reach,reacd,,,,,,
558,0.25,1,0.5,2,2,0.5,4,2,trufoh,fourth,['fourth'],idk,fourth,fourth,trouf,,,,,
559,0.2,1,0.8,4,1,0.8,5,4,oedc,code,"['code', 'deco']",code,code,code,code,idk,,,,
56,0.16666666666666666,1,0.8333333333333334,5,6,0.0,6,0,hgint,thing,"['thing', 'night']",idk,night,night,night,night,night,,,
560,0.25,1,0.75,3,1,0.75,4,3,forlo,floor,['floor'],floor,idk,floor,floor,,,,,
561,0.6666666666666666,2,0.3333333333333333,1,2,0.3333333333333333,3,1,ecfdor,forced,['forced'],idk,forced,idk,,,,,,
562,0.0,0,1.0,3,0,1.0,3,3,ngis,sign,"['sing', 'sign']",sign,sign,sign,,,,,,
563,0.0,0,0.8,4,1,0.8,5,4,iameg,image,['image'],image,image,image,image,imagine,,,,
564,0.6666666666666666,2,0.3333333333333333,1,2,0.3333333333333333,3,1,mriaen,remain,"['mainer', 'remain', 'marine']",idk,remain,idk,,,,,,
565,0.3333333333333333,1,0.6666666666666666,2,3,0.0,3,0,reca,race,"['acer', 'care', 'race', 'acre']",care,care,idk,,,,,,
566,0.25,1,0.75,3,2,0.5,4,2,arnib,brain,"['brain', 'bairn']",idk,brain,brain,bairn,,,,,
567,0.5,2,0.5,2,2,0.5,4,2,acgitn,acting,['acting'],idk,idk,acting,acting,,,,,
568,0.0,0,1.0,4,3,0.25,4,1,sole,lose,"['sloe', 'lose', 'sole']",sole,lose,sole,sole,,,,,
569,0.0,0,0.6666666666666666,2,1,0.6666666666666666,3,2,wsort,worst,['worst'],worst,worts,worst,,,,,,
57,0.2,1,0.8,4,1,0.8,5,4,sanseo,season,['season'],idk,season,season,season,season,,,,
570,0.4,2,0.6,3,2,0.6,5,3,lsueax,sexual,['sexual'],idk,sexual,sexual,sexual,idk,,,,
571,0.0,0,1.0,5,0,1.0,5,5,seme,seem,['seem'],seem,seem,seem,seem,seem,,,,
572,0.0,0,1.0,3,0,1.0,3,3,civli,civil,['civil'],civil,civil,civil,,,,,,
573,0.5,2,0.5,2,2,0.5,4,2,regtta,target,['target'],idk,target,target,idk,,,,,
574,0.0,0,0.75,3,1,0.75,4,3,afse,safe,['safe'],safe,safe,safe,fesa,,,,,
575,0.4,2,0.4,2,3,0.4,5,2,kcsot,stock,['stock'],stock,idk,idk,stock,scokt,,,,
576,0.0,0,0.75,3,1,0.75,4,3,aestte,estate,['estate'],estate,attest,estate,estate,,,,,
577,0.0,0,1.0,3,0,1.0,3,3,sols,loss,['loss'],loss,loss,loss,,,,,,
578,0.5,1,0.0,0,2,0.0,2,0,nedac,dance,"['dance', 'acned']",idk,caned,,,,,,,
579,0.6666666666666666,2,0.3333333333333333,1,2,0.3333333333333333,3,1,etdgbu,budget,['budget'],budget,idk,idk,,,,,,
58,0.0,0,1.0,6,1,0.8333333333333334,6,5,eenv,even,"['even', 'neve']",even,even,even,neve,even,even,,,
580,0.4,2,0.6,3,2,0.6,5,3,geuh,huge,['huge'],huge,idk,huge,huge,idk,,,,
581,0.3333333333333333,1,0.6666666666666666,2,1,0.6666666666666666,3,2,echab,beach,['beach'],idk,beach,beach,,,,,,
582,0.25,1,0.5,2,2,0.5,4,2,ersvli,silver,"['silver', 'sliver']",silver,livers,silver,idk,,,,,
583,0.5,2,0.25,1,3,0.25,4,1,ayok,okay,['okay'],okay,idk,yoak,idk,,,,,
584,0.3333333333333333,1,0.6666666666666666,2,1,0.6666666666666666,3,2,coorl,color,['color'],color,color,idk,,,,,,
585,0.6666666666666666,2,0.3333333333333333,1,2,0.3333333333333333,3,1,mlaian,animal,"['animal', 'malian', 'lamina', 'manila']",idk,animal,idk,,,,,,
586,0.0,0,0.6666666666666666,2,1,0.6666666666666666,3,2,galo,goal,['goal'],goal,aglo,goal,,,,,,
587,0.25,1,0.75,3,1,0.75,4,3,ardng,grand,['grand'],grand,grand,grand,idk,,,,,
588,0.5,2,0.5,2,2,0.5,4,2,dpsear,spread,['spread'],spread,idk,spread,idk,,,,,
589,0.25,1,0.75,3,3,0.25,4,1,awsy,ways,"['sway', 'yaws', 'ways']",ways,sway,sway,idk,,,,,
59,0.14285714285714285,1,0.8571428571428571,6,1,0.8571428571428571,7,6,uhseo,house,['house'],idk,house,house,house,house,house,house,,
590,0.0,0,1.0,4,0,1.0,4,4,tsewe,sweet,['sweet'],sweet,sweet,sweet,sweet,,,,,
591,0.25,1,0.5,2,2,0.5,4,2,ommyer,memory,['memory'],idk,memory,memory,mmoery,,,,,
592,0.3333333333333333,1,0.6666666666666666,2,2,0.3333333333333333,3,1,myra,army,"['army', 'mary']",idk,army,mary,,,,,,
593,0.3333333333333333,1,0.3333333333333333,1,3,0.0,3,0,thuco,touch,"['touch', 'couth']",idk,couth,cuoth,,,,,,
594,0.3333333333333333,1,0.6666666666666666,2,1,0.6666666666666666,3,2,slpupy,supply,['supply'],supply,idk,supply,,,,,,
595,0.0,0,1.0,3,0,1.0,3,3,dpee,deep,['deep'],deep,deep,deep,,,,,,
596,0.25,1,0.75,3,1,0.75,4,3,mraed,dream,"['dream', 'armed']",dream,dream,dream,idk,,,,,
597,0.3333333333333333,1,0.6666666666666666,2,1,0.6666666666666666,3,2,sonrpi,prison,['prison'],prison,prison,idk,,,,,,
598,0.5,2,0.5,2,2,0.5,4,2,ebsa,base,['base'],base,idk,base,idk,,,,,
599,0.0,0,1.0,3,0,1.0,3,3,irdnk,drink,['drink'],drink,drink,drink,,,,,,
6,0.3333333333333333,2,0.6666666666666666,4,2,0.6666666666666666,6,4,runoda,around,"['arundo', 'around']",idk,around,around,around,around,idk,,,
60,0.2,1,0.8,4,1,0.8,5,4,gritny,trying,['trying'],idk,trying,trying,trying,trying,,,,
600,0.3333333333333333,1,0.6666666666666666,2,1,0.6666666666666666,3,2,inwowd,window,['window'],window,window,idk,,,,,,
61,0.0,0,0.8333333333333334,5,1,0.8333333333333334,6,5,rehe,here,['here'],here,here,heer,here,here,here,,,
62,0.0,0,1.0,5,0,1.0,5,5,cplae,place,['place'],place,place,place,place,place,,,,
63,0.16666666666666666,1,0.8333333333333334,5,2,0.6666666666666666,6,4,etunid,united,"['united', 'untied']",idk,untied,united,united,united,united,,,
64,0.0,0,1.0,6,0,1.0,6,6,edne,need,"['eden', 'need']",need,need,need,need,need,need,,,
65,0.0,0,1.0,4,0,1.0,4,4,gaani,again,['again'],again,again,again,again,,,,,
66,0.5,2,0.5,2,3,0.25,4,1,osrecu,course,"['crouse', 'source', 'cerous', 'course']",idk,course,source,idk,,,,,
67,0.0,0,1.0,5,0,1.0,5,5,okwr,work,['work'],work,work,work,work,work,,,,
68,0.0,0,1.0,5,0,1.0,5,5,fuond,found,['found'],found,found,found,found,found,,,,
69,0.25,1,0.75,3,1,0.75,4,3,ahtelh,health,['health'],idk,health,health,health,,,,,
7,0.0,0,1.0,5,0,1.0,5,5,usjt,just,['just'],just,just,just,just,just,,,,
70,0.0,0,1.0,5,0,1.0,5,5,aery,year,['year'],year,year,year,year,year,,,,
71,0.0,0,0.8571428571428571,6,1,0.8571428571428571,7,6,thmgi,might,['might'],might,might,might,gimth,might,might,might,,
72,0.0,0,1.0,5,0,1.0,5,5,aknhts,thanks,['thanks'],thanks,thanks,thanks,thanks,thanks,,,,
73,0.0,0,1.0,4,0,1.0,4,4,emad,made,"['edam', 'made', 'dame', 'mead']",made,made,made,made,,,,,
74,0.25,2,0.75,6,2,0.75,8,6,oyemn,money,['money'],idk,money,money,money,idk,money,money,money,
75,0.2,1,0.8,4,1,0.8,5,4,aolcis,social,['social'],idk,social,social,social,social,,,,
76,0.0,0,0.6666666666666666,4,2,0.6666666666666666,6,4,ktea,take,"['teak', 'take']",take,take,kate,take,take,kate,,,
77,0.0,0,1.0,5,5,0.0,5,0,tihgn,night,"['thing', 'night']",thing,thing,thing,thing,thing,,,,
78,0.0,0,0.8571428571428571,6,1,0.8571428571428571,7,6,segiln,single,['single'],single,single,single,single,single,single,sinlge,,
79,0.0,0,1.0,5,0,1.0,5,5,yamn,many,"['myna', 'many']",many,many,many,many,many,,,,
8,0.14285714285714285,1,0.8571428571428571,6,1,0.8571428571428571,7,6,otrhe,other,"['other', 'throe']",idk,other,other,other,other,other,other,,
80,0.25,1,0.75,3,1,0.75,4,3,pguro,group,['group'],idk,group,group,group,,,,,
81,0.2,1,0.8,4,1,0.8,5,4,ieffco,office,['office'],idk,office,office,office,office,,,,
82,0.0,0,1.0,6,1,0.8333333333333334,6,5,ilfe,life,"['life', 'file']",file,life,life,life,life,life,,,
83,0.0,0,0.8,4,1,0.8,5,4,sttra,start,['start'],tarts,start,start,start,start,,,,
84,0.0,0,1.0,4,0,1.0,4,4,bmcoee,become,['become'],become,become,become,become,,,,,
85,0.0,0,1.0,7,0,1.0,7,7,odwn,down,['down'],down,down,down,down,down,down,down,,
86,0.0,0,0.75,3,1,0.75,4,3,sitem,times,"['smite', 'times', 'metis']",times,times,times,mites,,,,,
87,0.2,1,0.8,4,1,0.8,5,4,rtytep,pretty,['pretty'],pretty,pretty,pretty,idk,pretty,,,,
88,0.0,0,1.0,7,5,0.2857142857142857,7,2,tlsa,last,"['salt', 'slat', 'last', 'lats']",salt,salt,salt,last,last,salt,salt,,
89,0.16666666666666666,1,0.6666666666666666,4,2,0.6666666666666666,6,4,dotya,today,['today'],today,ttoday,idk,today,today,today,,,
9,0.16666666666666666,1,0.8333333333333334,5,1,0.8333333333333334,6,5,etertb,better,['better'],better,better,idk,better,better,better,,,
90,0.0,0,1.0,5,0,1.0,5,5,tremta,matter,['matter'],matter,matter,matter,matter,matter,,,,
91,0.0,0,1.0,4,0,1.0,4,4,stbe,best,['best'],best,best,best,best,,,,,
92,0.0,0,1.0,8,2,0.75,8,6,itonp,point,"['pinto', 'piton', 'point', 'pinot']",point,point,point,piton,piton,point,point,point,
93,0.2,1,0.8,4,1,0.8,5,4,iyasgn,saying,['saying'],idk,saying,saying,saying,saying,,,,
94,0.0,0,1.0,5,0,1.0,5,5,cuhs,such,['such'],such,such,such,such,such,,,,
95,0.2,1,0.8,4,1,0.8,5,4,icums,music,['music'],idk,music,music,music,music,,,,
96,0.16666666666666666,1,0.8333333333333334,5,2,0.6666666666666666,6,4,fedrni,friend,"['finder', 'friend']",idk,friend,friend,friend,friend,finder,,,
97,0.0,0,1.0,4,0,1.0,4,4,loev,love,"['vole', 'love']",love,love,love,love,,,,,
98,0.25,1,0.75,3,1,0.75,4,3,rpoew,power,['power'],idk,power,power,power,,,,,
99,0.4,2,0.4,2,3,0.4,5,2,adenwt,wanted,['wanted'],idk,wwanted,idk,wanted,wanted,,,,
